cleaned_text,upvotes,comments,timestamp
write kraken love poem chance win 200 usdg,7,61,2025-02-13 14:13:52
daily crypto discussion february 14 2025 gmt0,17,157,2025-02-14 00:00:44
coinbase revenue surges 23 billion bitcoin booms retail returns,409,41,2025-02-13 21:45:04
eth gwei,1610,55,2025-02-13 13:58:35
south korea lift crypto trading ban institutions,104,5,2025-02-14 03:00:15
goldman sachs quietly betting billions bitcoin ethereum amid price swings,591,55,2025-02-13 14:51:04
bank montreal quietly buying bitcoin etfs news bytes bitcoin news,71,3,2025-02-14 01:53:45
approximately 22 billion worth solana sol set unlocked march 1st may retail odds ever favor,422,133,2025-02-13 15:45:02
hacker offered 10 bounty stealing 9000000 ethereum eth lending platform daily hodl,124,59,2025-02-13 21:44:30
poor vs rich vs crypto bro,1914,102,2025-02-13 06:29:25
6 men kidnapped chicago family forcing 15m crypto transfer,1184,176,2025-02-13 08:49:20
fbi initiative saves thousands crypto scams recovers 285 million,98,23,2025-02-13 22:00:02
barclays reports new position 131 million ibit,87,12,2025-02-13 21:32:01
bitcoins chance hitting 125k june rises traders bid upside derive,13,16,2025-02-14 07:37:09
vitalik buterins make communism great quip triggered ethereum investors,6,21,2025-02-14 06:25:42
coinbase eyes india comeback seeks regulatory green light source decrypt,7,1,2025-02-14 04:03:36
jerome powell crypto many activities done inside banks,3,4,2025-02-14 08:48:28
market whatever,623,17,2025-02-13 02:10:03
hes got point,4051,119,2025-02-12 15:55:11
bitcoin etfs post three consecutive days outflows totaling nearly 500m,2,1,2025-02-14 08:51:21
bitcoins bull cycle analyst says upside isnt yet,2,3,2025-02-14 08:48:58
20 us state bitcoin reserves could alone drive 23b inflow follow,61,7,2025-02-13 13:59:11
pectra upgrade released testnets mainnet launch expected april,2,0,2025-02-14 08:36:18
czs dog made killing one memecoin creator murdered everyone else,7,13,2025-02-14 01:32:44
broccoli meme coins flood market cz reveals pet dog,17,31,2025-02-13 19:54:33
avoid buying moons mexc gateio heres,15,40,2025-02-13 19:08:56
metaplanet raises 40 billion stack bitcoin btc,34,5,2025-02-13 14:11:55
bnb flips solana market capitalization 22 weekly surge,38,27,2025-02-13 13:56:50
latest executive order could impact rwa tokenization,36,7,2025-02-13 13:03:22
whats deal coinbase,1,1,2025-02-14 08:12:09
tether slams jpmorgan analysts saying may need sell bitcoin,8,6,2025-02-13 20:30:23
nexa building first computer chip increase tps pow,9,6,2025-02-13 19:31:21
loss sure,1,24,2025-02-14 06:14:13
bitcoin falls 95000 altcoins decline amid unchanged us interest rates,74,26,2025-02-13 06:03:18
jpmorgan says tether may need sell bitcoin comply proposed us stablecoin regulations,26,22,2025-02-13 11:18:46
zklend hack sees 95m exploit offers hacker 10 bounty return,49,17,2025-02-13 05:46:01
exact top crypto bull market 2 trillion 2022 warned,957,187,2025-02-12 11:57:38
sec commissioner hester peirce confirms agency procrypto,160,50,2025-02-12 21:28:52
atp director grew fan database 25 eight days using nfts without even calling nfts,5,3,2025-02-13 16:14:28
messaris state polygon q4 2024,3,7,2025-02-13 15:53:23
whats coinbase take profit stop loss option,0,19,2025-02-14 06:22:25
binance takes transaction fees small amounts despite showing transaction fees0,1,14,2025-02-13 22:28:57
robinhood wont stop sending account statements,0,3,2025-02-14 01:10:16
sorry,184,194,2025-02-12 16:54:37
wont sell eth,794,366,2025-02-12 08:34:30
canadian businessman sentenced us prison concealing bitcoin stash,73,32,2025-02-12 21:11:08
created website provides visualizations transactionspeedtimetofinality different cryptocurrencies would love know thoughts,71,24,2025-02-12 21:15:05
bitcoin ethereum drop us reports inflation rose 3 january,190,48,2025-02-12 15:10:13
binances 15 billion fine accounted almost dojs recordsetting 2024,3,2,2025-02-13 15:48:45
big tech chatgpt deepseek could lose decentralized ai,48,31,2025-02-12 22:11:13
moonacy protocol scam,0,2,2025-02-14 00:53:40
us customs border patrol expands bitcoin mining machine seizures microbt canaan units blockspace,0,2,2025-02-13 17:48:38
toyota launch blockchainpowered security token bonds,20,11,2025-02-13 00:48:02
looking interview individuals put money crypto,0,42,2025-02-13 23:24:11
age crypto comes next,0,16,2025-02-13 17:00:14
daily crypto discussion february 13 2025 gmt0,21,765,2025-02-13 00:00:56
proton mail launches opensource bitcoin btc wallet 100m users game changer privacy crypto,461,94,2025-02-12 06:01:05
florida man ordered pay 7600000 restitution promoting supposed goldbacked cryptocurrency scam daily hodl,26,7,2025-02-12 21:12:37
ethereums pectra network upgrade expect,21,16,2025-02-12 21:30:34
sec crypto task force boss says memecoins unlikely fall regulators purview,102,50,2025-02-12 12:44:03
selffulfilling prophecy halving cycles accelerated stunted cycles bull market,64,181,2025-02-12 15:17:58
cftc commissioner says election prediction markets stay,0,3,2025-02-13 13:04:53
franklin templeton launches us govt money fund solana,27,14,2025-02-12 18:38:46
trump swaps btce founder vinnik us teacher russia deal,0,2,2025-02-13 15:49:27
alexander vinnik btce exchange cofounder freed return american school teacher marc fogel returned us,5,5,2025-02-13 03:11:56
big 2 cycle movement berachain,0,9,2025-02-13 22:00:06
fed chair jerome powell says us cbdc,179,35,2025-02-12 06:57:22
central african republic president launches memecoin experiment,6,15,2025-02-13 01:00:33
ellen degeneres explaining bitcoin 10000 exactly 7 years ago laughing missed 10x gains,0,3,2025-02-13 13:53:39
wyoming highway patrol association adopts proof workforce get zero initiative becoming first us law enforcement association hold bitcoin btc,26,8,2025-02-12 16:05:39
800k lost 2b trumps meme coin,3716,542,2025-02-11 12:43:04
fault,193,290,2025-02-12 04:08:31
publicly traded firm kulr added bitcoin treasury decrypt,7,2,2025-02-12 22:52:04
something changing fed chair jerome powell speaks first time crackdown cryptocurrency world,81,36,2025-02-12 08:43:11
yolod trump morning,0,17,2025-02-13 23:32:23
vegas stripper accused stealing 300k crypto customer,172,13,2025-02-12 03:59:23
japan eyes 20 crypto tax bitcoin etf approval 2025 overhaul,71,9,2025-02-12 08:06:44
defi godfather andre cronje urges cz fairly launch dog meme coin avoid community rug pull,0,10,2025-02-13 15:13:27
mobilemined coins incoming openlaunch pinetwork,0,2,2025-02-13 10:10:59
inflation spike sparks dollar rally yields jump bitcoin stocks slide interest rate cut doubts grow,9,12,2025-02-12 17:53:56
cryptocurrency taxes usa detailed guide,14,2,2025-02-12 16:46:07
bitcoins average acquisition cost hit 409k record high 2024,18,7,2025-02-12 13:58:33
robinhoods crypto trading volume surges 400 70 billion q4,2,4,2025-02-13 01:53:08
rwa another means grab money retail,0,11,2025-02-13 13:56:53
ethereums price crash reveals signs market manipulation calculated liquidation event exploiting market leverage triggering massive selloffs,862,153,2025-02-11 16:18:16
app recommendations,0,13,2025-02-13 07:43:17
enrique tarrio proud boys launch new crypto meme coin,0,2,2025-02-13 15:53:23
help find phished,0,4,2025-02-13 12:11:14
give dumbest crypto opinion,164,401,2025-02-11 21:38:26
trump family earned millions trump coin 810000 others lost money report,9449,846,2025-02-11 00:04:55
ether etps attract 793 million weekly inflows surpassing bitcoin first time 2025,42,8,2025-02-12 03:46:07
fed chair powell says committed ending crypto debanking pausing rate cuts,239,33,2025-02-11 17:33:14
crypto exchanges saw nearly 19t trading volume 2024 25 2021 peak,7,8,2025-02-12 12:15:25
solana sol price softens onchain volumes drop 28 week,105,78,2025-02-11 20:27:14
thinktoairdrop russian neurotech startup plans offer solana token brainwaves,1,1,2025-02-12 21:28:50
xah tokenization compliance,0,2,2025-02-13 01:04:57
lummis apparently called xrp scam call tonight,610,389,2025-02-11 09:14:43
younger generations turn crypto retirement savings,372,80,2025-02-11 11:50:55
brazilian authority rejects worldcoin appeal enforcing service ban,25,4,2025-02-12 01:44:43
27 us states push bitcoin digital asset legislation,262,17,2025-02-11 13:34:39
goldman sachs discloses 100 increase ibit fbtc exposure december 31st previous sec filing,64,8,2025-02-11 20:56:30
looking games similar pancakeswap prediction,0,6,2025-02-12 18:41:17
daily crypto discussion february 12 2025 gmt0,29,1204,2025-02-12 00:00:55
sixyearold coin pi finally going online social fission artifact ponzi scheme,0,3,2025-02-13 02:23:25
224410 eth exit exchanges biggest ethereum outflow 2 years,180,16,2025-02-11 12:23:47
russian bitcoin fraud suspect alexander vinnik released,0,5,2025-02-12 16:08:34
oklahomas strategic bitcoin reserve bill passes committee,4,2,2025-02-12 08:36:39
japanese gaming company gumi announces purchase 1 billion yen 66 million us dollars bitcoin enhance crypto strategy,48,10,2025-02-11 18:39:59
uniswap labs launches unichain l2 mainnet,24,10,2025-02-11 20:50:09
fdic insurance could limbo keys coin apply fiat american banks,0,11,2025-02-12 13:59:52
indiana man sentenced 20 years federal prison conspiracies involving cyber intrusion massive 37 million cryptocurrency theft,14,6,2025-02-11 22:11:42
bitcoin price could reach 15m 2030 cathie wood,0,50,2025-02-12 21:22:56
memecoin trenches,46,9,2025-02-11 15:01:08
south korean lawmaker acquitted crypto concealment case,2,1,2025-02-12 05:31:06
crypto vcs especially bullish depin rwas hashkey partner,1,1,2025-02-12 10:59:31
profit profit cries,4593,196,2025-02-10 13:34:33
walmart partners cardano ada cryptocurrency officially,980,112,2025-02-10 21:29:37
worldcoin poh pornhub age verification,0,25,2025-02-13 01:16:46
thinking long term always helps dont least guy,0,29,2025-02-12 19:53:15
numbers screen,427,10,2025-02-11 00:37:40
ama giveaway portal bitcoin making bridges wrapped coins external custody obsolete feb 12,40,94,2025-02-11 13:26:38
another solo miner mined entire bitcoin block worth 300000,1049,81,2025-02-10 19:37:50
hodling hard even chair got liquidated,676,47,2025-02-10 21:50:19
litecoin etf 90 chance get sec approval 2025 analysts,56,10,2025-02-11 10:49:41
changpeng zhao says binances listing process broken following new memecoin listing,6,14,2025-02-11 21:49:35
easing inflation could ignite another btc rally 10x research,0,16,2025-02-12 07:55:24
looking advice monitoring tools,0,2,2025-02-12 07:22:09
monero moon issue 76 newsletter explore latest edition update latest monero xmr news developments entertainment,1,1,2025-02-12 07:13:10
nasdaq files list xrp etf stating xrp hard manipulate,67,74,2025-02-11 08:05:47
bitcoins diamond hands double targets alltime high,19,9,2025-02-11 14:33:28
grayscale files cardano etf first standalone ada product,242,33,2025-02-10 23:39:33
tesla made 600 million bitcoin profits q4 2024,14,22,2025-02-11 14:01:24
meme coin cycle distraction hide blockchains real potential,0,17,2025-02-12 13:37:40
feeling moons,0,5,2025-02-12 08:22:49
elon musks latest name change x fuels memecoin pumpanddumps,0,6,2025-02-12 13:07:31
bitcoins security model dying proof work brilliant start time proof stake,0,63,2025-02-12 16:04:15
cryptos defai sector 80 come back,0,3,2025-02-12 06:18:45
kanye wests super bowl 2025 ad sparks nazithemed crypto frenzy,614,208,2025-02-10 15:16:14
25m bitcoin left crypto exchanges signals supply shock,0,16,2025-02-12 12:25:49
coinbase expected see 109 yoy revenue increase q4 coin metrics,4,4,2025-02-11 21:47:38
coinbase ceo brian armstrong says bitcoin adoption reach billions 2030,212,63,2025-02-10 19:23:49
usdc stablecoin reached new ath market cap driven adaptation solana,4,5,2025-02-11 17:00:31
whats tap earn tokens,2,25,2025-02-11 16:34:20
ethereum faces unprecedented short positioning short interest spikes 500 since november 2024,392,76,2025-02-10 15:39:44
tesla still holds 11509 btc change bitcoin position despite reports,161,52,2025-02-10 19:03:44
michael saylors strategy acquires 7633 bitcoin oneweek break holdings worth 46b,241,77,2025-02-10 15:18:59
government canada announces deferral implementation change capital gains inclusion rate,0,1,2025-02-11 20:22:41
bitcoin teases gains traders say 100k key support reclaim,8,8,2025-02-11 09:45:34
give minute,3401,121,2025-02-09 22:55:44
daily crypto discussion february 11 2025 gmt0,26,1045,2025-02-11 00:00:48
lost fortune landfill containing 750m bitcoin sealed forever,1533,173,2025-02-10 01:47:09
bitcoin holds 95k support despite heavy selling pressure,201,43,2025-02-10 11:46:28
binance proof reserves report suggests significant sale excess crypto holdings,72,22,2025-02-10 17:21:15
man search lost bitcoin fortune wants buy landfill swears buried,0,29,2025-02-12 01:28:46
world liberty financial forming token reserve bolster bitcoin platforms stability,0,2,2025-02-12 01:04:19
memecoins money glitch,0,14,2025-02-12 01:06:36
ethereum fees dip 1m first since september 2024,98,59,2025-02-10 13:18:56
nobel economist labels bitcoin financial black hole,24,42,2025-02-10 20:59:49
odds kanye west launching token plummet says coins prey fans,366,64,2025-02-10 05:33:15
hacker sec x account breach faces 50k fine plea deal,28,9,2025-02-10 18:13:05
tether transfer abroad taxes,0,4,2025-02-11 18:22:35
cftc intensifies crypto fraud crackdown major legal actions public awareness campaign launched cryptonewsnet,14,2,2025-02-10 21:41:36
cz says binances token listing process broken,0,8,2025-02-11 11:59:24
coinbase withdrawal hold,4,13,2025-02-11 02:05:31
armed police arrest three britons alleged kidnap crypto broker,21,7,2025-02-10 19:07:35
japans financial services agency plans lift ban cryptocurrency etfs,109,12,2025-02-10 10:03:42
crypto taxes beginner,0,8,2025-02-11 14:42:46
thoughts stable coin usdn,16,53,2025-02-10 19:19:50
first experience coinbase wow sucks,0,32,2025-02-11 21:05:41
revolutionizing uranium trading onchain fractional ownership 247 access,0,2,2025-02-11 15:30:48
ethereum outpaces bitcoin digital asset fund inflows hit 13 billion,0,2,2025-02-11 09:04:40
bbc journalist nick robinsons social media hacked promote cryptocurrency,0,4,2025-02-11 08:35:28
arthur hayes ether vitalik cares price hell something,0,11,2025-02-11 07:48:22
dont look us federal reserve slowly turning procrypto,1,5,2025-02-11 07:08:49
cboe bzx submits filings xrp etfs bitwise wisdomtree canary 21shares,5,16,2025-02-10 22:04:21
first step tokenized uraniumso far good,0,20,2025-02-11 17:15:40
bitcoin climbs 97k trade volume surges markets prices bitcoin news,3,3,2025-02-11 01:31:22
crypto exchanges pies,3,1,2025-02-11 00:45:26
anyone help figure coins bought 8 years ago,0,7,2025-02-11 15:01:17
dave portnoy promotes meme coin jailstool token surges 100000 overnight,783,226,2025-02-09 16:11:22
xrp,0,108,2025-02-11 12:39:03
crypto bull market retail sentiment worst years,436,293,2025-02-09 18:37:45
behind harry b≈çlz madness elon musks name change x sparks crypto frenzy,0,41,2025-02-11 13:04:15
crazy world crypto getting worse,0,10,2025-02-11 11:26:47
bitcoin ad super bowl half time,218,82,2025-02-09 19:46:54
elon musks doge pushes blockchain transparency us government spending,369,133,2025-02-09 16:20:57
polands central bank rules bitcoin reserves,159,46,2025-02-09 20:25:29
anatoly yakovenko solana founder says doesnt onchain trading,3,0,2025-02-10 20:09:24
removing fdic trustless bitcoin,3,29,2025-02-10 16:09:18
okay tuesday lets make rich 10 years crypto tickers,0,102,2025-02-11 07:50:19
memecoin madness returns barstool sports bnb chain entire african country dabble meme tokens,14,9,2025-02-10 08:46:08
customers actually xrpbased money transfers conventional banks,64,67,2025-02-10 01:12:05
bitcoin hashrate hits new ath,343,184,2025-02-09 14:59:04
calling developers artists join rbucketheads community contests,2,0,2025-02-10 18:21:26
crypto investment products see 13 billion weekly inflows despite trump tariff woes coinshares,5,2,2025-02-10 13:03:54
telcoin enough attention,0,29,2025-02-11 02:57:36
economist henrik zeberg says indications crypto bull market top predicts fantastic altcoin season,59,48,2025-02-09 21:23:42
klarna accept crypto payments targets 15 billion ipo valuation,120,10,2025-02-09 16:24:52
polygon super bowl reddit avatars polymarkets 14m bet,6,5,2025-02-10 06:56:27
kanye west disclosing offered 2 million launch token asks speak coinbase ceo concerning crypto,597,90,2025-02-09 06:43:49
b3 base next big gaming token dyor drop thoughts,0,22,2025-02-11 04:27:13
daily crypto discussion february 10 2025 gmt0,21,893,2025-02-10 00:01:15
everything positive youve heard crypto trick,0,35,2025-02-11 10:38:14
university austin announces 5 million bitcoin endowment,62,10,2025-02-09 16:52:31
ethereum raises gas limit first time since proofofstake scale transaction capacity,70,13,2025-02-09 16:22:27
early crypto traders speedy profit trump coin others suffered losses gift article,51,57,2025-02-09 17:56:12
russian authorities block access countrys largest crypto aggregator platform,0,7,2025-02-10 14:51:03
regret buying solana 2020,0,43,2025-02-11 06:11:31
nigeria embraces blockchain sec director general sees huge potential capital market regulation,27,6,2025-02-09 20:15:18
austin university launch 5m bitcoin fund 5year hodl strategy report,98,11,2025-02-09 13:18:40
tether reaches new heights record market cap uae real estate integration nulltx,1,0,2025-02-10 14:07:36
data el salvadors bitcoin holdings reached 607218 coins increase 17 coins past 7 days chaincatcher,51,7,2025-02-09 16:21:25
entertaining read ignorance hiding behind rhetoric way comments,0,21,2025-02-10 17:14:32
central african republic car memecoin scam,0,12,2025-02-10 21:52:22
tether ceo people alive move new quantumresistant addresses,39,122,2025-02-09 16:49:37
privacyfocused layer 2s transform ethereums enterprise future,19,21,2025-02-09 20:29:06
